{"cameraMode":{"drawMode":0,"name":"Shaded","section":"Shading Mode"},"sceneLighting":false,"audioPlay":false,"sceneViewState":{"m_AlwaysRefresh":false,"showFog":true,"showSkybox":false,"showFlares":true,"showImageEffects":true,"showParticleSystems":true,"showVisualEffectGraphs":true,"m_FxEnabled":true},"in2DMode":false,"pivot":{"x":4.81606388092041,"y":0.0010860003530979157,"z":5.023521900177002},"rotation":{"x":0.19528642296791078,"y":0.6564527750015259,"z":-0.18132057785987855,"w":0.7058781981468201},"size":0.0868673101067543,"orthographic":false}