{"cameraMode":{"drawMode":0,"name":"Shaded","section":"Shading Mode"},"sceneLighting":false,"audioPlay":false,"sceneViewState":{"m_AlwaysRefresh":false,"showFog":true,"showSkybox":false,"showFlares":true,"showImageEffects":true,"showParticleSystems":true,"showVisualEffectGraphs":true,"m_FxEnabled":true},"in2DMode":false,"pivot":{"x":4.8106465339660648,"y":0.04193088784813881,"z":6.599491596221924},"rotation":{"x":0.19528642296791078,"y":0.6564527750015259,"z":-0.18132057785987855,"w":0.7058781981468201},"size":0.06893932819366455,"orthographic":false}