{"cameraMode":{"drawMode":0,"name":"Shaded","section":"Shading Mode"},"sceneLighting":false,"audioPlay":false,"sceneViewState":{"m_AlwaysRefresh":false,"showFog":true,"showSkybox":false,"showFlares":true,"showImageEffects":true,"showParticleSystems":true,"showVisualEffectGraphs":true,"m_FxEnabled":true},"in2DMode":false,"pivot":{"x":5.406660079956055,"y":0.3213093876838684,"z":5.047956943511963},"rotation":{"x":0.4674060046672821,"y":-0.3787127137184143,"z":0.23154225945472718,"w":0.7645758986473084},"size":0.008967004716396332,"orthographic":false}